{
    "scopeName": "source.js",
    "name": "JavaScript",
    "patterns": [
      {
        "match": "\\b(if|else|for|while|return)\\b",
        "name": "keyword.control.js"
      },
      {
        "match": "\\b(true|false|null)\\b",
        "name": "constant.language.js"
      },
      {
        "match": "//.*$",
        "name": "comment.line.js"
      },
      {
        "match": "\"(.*?)\"",
        "name": "string.quoted.double.js"
      },
      {
        "match": "\\b\\d+\\b",
        "name": "constant.numeric.js"
      }
    ]
  }
  